0.jpg,0
1.jpg,0
10.jpg,0
100.jpg,3
1000.jpg,6
10000.jpg,3
10001.jpg,3
10002.jpg,0
10003.jpg,6
10004.jpg,4
10005.jpg,3
10006.jpg,4
10007.jpg,5
10008.jpg,4
10009.jpg,5
1001.jpg,4
10010.jpg,2
10011.jpg,5
10012.jpg,2
10013.jpg,5
10014.jpg,6
10015.jpg,2
10016.jpg,0
10017.jpg,6
10018.jpg,1
10019.jpg,3
1002.jpg,6
10020.jpg,4
10021.jpg,6
10022.jpg,1
10023.jpg,3
10024.jpg,6
10025.jpg,2
10026.jpg,6
10027.jpg,6
10028.jpg,4
10029.jpg,2
1003.jpg,4
10030.jpg,6
10031.jpg,4
10032.jpg,2
10033.jpg,6
10034.jpg,4
10035.jpg,3
10036.jpg,6
10037.jpg,0
10038.jpg,0
10039.jpg,3
1004.jpg,3
10040.jpg,2
10041.jpg,6
10042.jpg,3
10043.jpg,2
10044.jpg,2
10045.jpg,6
10046.jpg,3
10047.jpg,2
10048.jpg,6
10049.jpg,4
1005.jpg,4
10050.jpg,3
10051.jpg,6
10052.jpg,0
10053.jpg,1
10054.jpg,6
10055.jpg,2
10056.jpg,5
10057.jpg,0
10058.jpg,6
10059.jpg,4
1006.jpg,3
10060.jpg,3
10061.jpg,5
10062.jpg,6
10063.jpg,0
10064.jpg,4
10065.jpg,0
10066.jpg,3
10067.jpg,2
10068.jpg,6
10069.jpg,0
1007.jpg,4
10070.jpg,4
10071.jpg,3
10072.jpg,2
10073.jpg,4
10074.jpg,3
10075.jpg,2
10076.jpg,5
10077.jpg,6
10078.jpg,4
10079.jpg,0
1008.jpg,2
10080.jpg,5
10081.jpg,4
10082.jpg,5
10083.jpg,3
10084.jpg,6
10085.jpg,6
10086.jpg,2
10087.jpg,5
10088.jpg,2
10089.jpg,4
1009.jpg,4
10090.jpg,2
10091.jpg,6
10092.jpg,3
10093.jpg,6
10094.jpg,3
10095.jpg,0
10096.jpg,3
10097.jpg,5
10098.jpg,3
10099.jpg,2
101.jpg,2
1010.jpg,4
10100.jpg,0
10101.jpg,6
10102.jpg,3
10103.jpg,4
10104.jpg,3
10105.jpg,0
10106.jpg,3
10107.jpg,2
10108.jpg,4
10109.jpg,6
1011.jpg,4
10110.jpg,6
10111.jpg,3
10112.jpg,1
10113.jpg,6
10114.jpg,4
10115.jpg,0
10116.jpg,4
10117.jpg,6
10118.jpg,6
10119.jpg,6
1012.jpg,3
10120.jpg,3
10121.jpg,0
10122.jpg,0
10123.jpg,2
10124.jpg,3
10125.jpg,2
10126.jpg,3
10127.jpg,4
10128.jpg,4
10129.jpg,6
1013.jpg,2
10130.jpg,6
10131.jpg,2
10132.jpg,4
10133.jpg,4
10134.jpg,6
10135.jpg,3
10136.jpg,6
10137.jpg,1
10138.jpg,3
10139.jpg,3
1014.jpg,3
10140.jpg,3
10141.jpg,3
10142.jpg,0
10143.jpg,6
10144.jpg,5
10145.jpg,3
10146.jpg,3
10147.jpg,2
10148.jpg,0
10149.jpg,2
1015.jpg,0
10150.jpg,6
10151.jpg,3
10152.jpg,2
10153.jpg,3
10154.jpg,0
10155.jpg,0
10156.jpg,3
10157.jpg,3
10158.jpg,0
10159.jpg,3
1016.jpg,0
10160.jpg,3
10161.jpg,3
10162.jpg,5
10163.jpg,0
10164.jpg,4
10165.jpg,4
10166.jpg,3
10167.jpg,0
10168.jpg,3
10169.jpg,2
1017.jpg,3
10170.jpg,2
10171.jpg,4
10172.jpg,4
10173.jpg,6
10174.jpg,6
10175.jpg,6
10176.jpg,4
10177.jpg,6
10178.jpg,0
10179.jpg,4
1018.jpg,0
10180.jpg,6
10181.jpg,0
10182.jpg,3
10183.jpg,2
10184.jpg,5
10185.jpg,5
10186.jpg,3
10187.jpg,3
10188.jpg,4
10189.jpg,2
1019.jpg,4
10190.jpg,6
10191.jpg,2
10192.jpg,0
10193.jpg,3
10194.jpg,3
10195.jpg,6
10196.jpg,0
10197.jpg,6
10198.jpg,3
10199.jpg,3
102.jpg,6
1020.jpg,3
10200.jpg,6
10201.jpg,2
10202.jpg,0
10203.jpg,3
10204.jpg,6
10205.jpg,2
10206.jpg,6
10207.jpg,0
10208.jpg,2
10209.jpg,2
1021.jpg,6
10210.jpg,2
10211.jpg,5
10212.jpg,2
10213.jpg,5
10214.jpg,0
10215.jpg,0
10216.jpg,6
10217.jpg,6
10218.jpg,3
10219.jpg,6
1022.jpg,4
10220.jpg,2
10221.jpg,6
10222.jpg,6
10223.jpg,0
10224.jpg,3
10225.jpg,4
10226.jpg,0
10227.jpg,5
10228.jpg,3
10229.jpg,3
1023.jpg,3
10230.jpg,2
10231.jpg,3
10232.jpg,5
10233.jpg,6
10234.jpg,6
10235.jpg,3
10236.jpg,1
10237.jpg,3
10238.jpg,2
10239.jpg,6
1024.jpg,0
10240.jpg,0
10241.jpg,5
10242.jpg,0
10243.jpg,3
10244.jpg,2
10245.jpg,4
10246.jpg,5
10247.jpg,6
10248.jpg,3
10249.jpg,5
1025.jpg,2
10250.jpg,0
10251.jpg,0
10252.jpg,4
10253.jpg,0
10254.jpg,6
10255.jpg,4
10256.jpg,5
10257.jpg,3
10258.jpg,3
10259.jpg,5
1026.jpg,4
10260.jpg,5
10261.jpg,5
10262.jpg,2
10263.jpg,2
10264.jpg,6
10265.jpg,0
10266.jpg,6
10267.jpg,2
10268.jpg,5
10269.jpg,2
1027.jpg,3
10270.jpg,3
10271.jpg,6
10272.jpg,3
10273.jpg,3
10274.jpg,6
10275.jpg,4
10276.jpg,3
10277.jpg,3
10278.jpg,2
10279.jpg,2
1028.jpg,5
10280.jpg,3
10281.jpg,2
10282.jpg,5
10283.jpg,3
10284.jpg,3
10285.jpg,2
10286.jpg,0
10287.jpg,0
10288.jpg,5
10289.jpg,4
1029.jpg,3
10290.jpg,3
10291.jpg,3
10292.jpg,2
10293.jpg,4
10294.jpg,6
10295.jpg,3
10296.jpg,6
10297.jpg,3
10298.jpg,3
10299.jpg,2
103.jpg,3
1030.jpg,4
10300.jpg,2
10301.jpg,6
10302.jpg,0
10303.jpg,2
10304.jpg,6
10305.jpg,4
10306.jpg,5
10307.jpg,3
10308.jpg,4
10309.jpg,6
1031.jpg,4
10310.jpg,0
10311.jpg,4
10312.jpg,3
10313.jpg,4
10314.jpg,3
10315.jpg,0
10316.jpg,1
10317.jpg,3
10318.jpg,3
10319.jpg,2
1032.jpg,3
10320.jpg,6
10321.jpg,4
10322.jpg,6
10323.jpg,6
10324.jpg,2
10325.jpg,0
10326.jpg,2
10327.jpg,3
10328.jpg,2
10329.jpg,2
1033.jpg,5
10330.jpg,2
10331.jpg,3
10332.jpg,4
10333.jpg,5
10334.jpg,4
10335.jpg,2
10336.jpg,0
10337.jpg,5
10338.jpg,0
10339.jpg,4
1034.jpg,2
10340.jpg,6
10341.jpg,3
10342.jpg,2
10343.jpg,3
10344.jpg,3
10345.jpg,3
10346.jpg,6
10347.jpg,3
10348.jpg,0
10349.jpg,6
1035.jpg,4
10350.jpg,2
10351.jpg,3
10352.jpg,4
10353.jpg,4
10354.jpg,6
10355.jpg,2
10356.jpg,5
10357.jpg,5
10358.jpg,4
10359.jpg,0
1036.jpg,2
10360.jpg,5
10361.jpg,6
10362.jpg,3
10363.jpg,0
10364.jpg,0
10365.jpg,5
10366.jpg,3
10367.jpg,3
10368.jpg,3
10369.jpg,2
1037.jpg,6
10370.jpg,3
10371.jpg,0
10372.jpg,5
10373.jpg,0
10374.jpg,5
10375.jpg,4
10376.jpg,3
10377.jpg,0
10378.jpg,0
10379.jpg,4
1038.jpg,3
10380.jpg,6
10381.jpg,6
10382.jpg,0
10383.jpg,4
10384.jpg,2
10385.jpg,0
10386.jpg,4
10387.jpg,3
10388.jpg,0
10389.jpg,4
1039.jpg,0
10390.jpg,6
10391.jpg,5
10392.jpg,5
10393.jpg,6
10394.jpg,0
10395.jpg,5
10396.jpg,2
10397.jpg,0
10398.jpg,3
10399.jpg,0
104.jpg,4
1040.jpg,5
10400.jpg,3
10401.jpg,0
10402.jpg,5
10403.jpg,6
10404.jpg,6
10405.jpg,4
10406.jpg,6
10407.jpg,4
10408.jpg,5
10409.jpg,2
1041.jpg,4
10410.jpg,5
10411.jpg,5
10412.jpg,4
10413.jpg,2
10414.jpg,1
10415.jpg,0
10416.jpg,4
10417.jpg,5
10418.jpg,3
10419.jpg,4
1042.jpg,5
10420.jpg,0
10421.jpg,6
10422.jpg,3
10423.jpg,4
10424.jpg,3
10425.jpg,4
10426.jpg,0
10427.jpg,3
10428.jpg,3
10429.jpg,0
1043.jpg,5
10430.jpg,0
10431.jpg,0
10432.jpg,3
10433.jpg,2
10434.jpg,2
10435.jpg,1
10436.jpg,3
10437.jpg,2
10438.jpg,3
10439.jpg,0
1044.jpg,3
10440.jpg,0
10441.jpg,0
10442.jpg,2
10443.jpg,2
10444.jpg,5
10445.jpg,2
10446.jpg,5
10447.jpg,3
10448.jpg,2
10449.jpg,3
1045.jpg,6
10450.jpg,4
10451.jpg,2
10452.jpg,4
10453.jpg,4
10454.jpg,4
10455.jpg,4
10456.jpg,3
10457.jpg,6
10458.jpg,2
10459.jpg,2
1046.jpg,3
10460.jpg,2
10461.jpg,4
10462.jpg,0
10463.jpg,2
10464.jpg,3
10465.jpg,3
10466.jpg,6
10467.jpg,3
10468.jpg,3
10469.jpg,3
1047.jpg,3
10470.jpg,2
10471.jpg,3
10472.jpg,0
10473.jpg,5
10474.jpg,6
10475.jpg,0
10476.jpg,2
10477.jpg,3
10478.jpg,3
10479.jpg,6
1048.jpg,3
10480.jpg,3
10481.jpg,3
10482.jpg,4
10483.jpg,3
10484.jpg,6
10485.jpg,3
10486.jpg,2
10487.jpg,4
10488.jpg,4
10489.jpg,2
1049.jpg,3
10490.jpg,0
10491.jpg,5
10492.jpg,3
10493.jpg,2
10494.jpg,4
10495.jpg,4
10496.jpg,6
10497.jpg,0
10498.jpg,4
10499.jpg,6
105.jpg,3
1050.jpg,5
10500.jpg,6
10501.jpg,6
10502.jpg,3
10503.jpg,6
10504.jpg,6
10505.jpg,5
10506.jpg,3
10507.jpg,2
10508.jpg,2
10509.jpg,3
1051.jpg,0
10510.jpg,0
10511.jpg,0
10512.jpg,6
10513.jpg,4
10514.jpg,3
10515.jpg,4
10516.jpg,6
10517.jpg,2
10518.jpg,6
10519.jpg,4
1052.jpg,3
10520.jpg,4
10521.jpg,1
10522.jpg,6
10523.jpg,6
10524.jpg,2
10525.jpg,3
10526.jpg,6
10527.jpg,5
10528.jpg,3
10529.jpg,6
1053.jpg,3
10530.jpg,5
10531.jpg,4
10532.jpg,1
10533.jpg,6
10534.jpg,2
10535.jpg,6
10536.jpg,6
10537.jpg,3
10538.jpg,1
10539.jpg,6
1054.jpg,6
10540.jpg,3
10541.jpg,0
10542.jpg,3
10543.jpg,3
10544.jpg,0
10545.jpg,5
10546.jpg,4
10547.jpg,4
10548.jpg,0
10549.jpg,6
1055.jpg,4
10550.jpg,3
10551.jpg,0
10552.jpg,3
10553.jpg,4
10554.jpg,0
10555.jpg,3
10556.jpg,5
10557.jpg,2
10558.jpg,4
10559.jpg,4
1056.jpg,3
10560.jpg,4
10561.jpg,4
10562.jpg,6
10563.jpg,0
10564.jpg,2
10565.jpg,4
10566.jpg,5
10567.jpg,6
10568.jpg,2
10569.jpg,6
1057.jpg,3
10570.jpg,3
10571.jpg,3
10572.jpg,2
10573.jpg,0
10574.jpg,3
10575.jpg,5
10576.jpg,5
10577.jpg,4
10578.jpg,3
10579.jpg,5
1058.jpg,3
10580.jpg,5
10581.jpg,4
10582.jpg,2
10583.jpg,0
10584.jpg,6
10585.jpg,5
10586.jpg,6
10587.jpg,3
10588.jpg,4
10589.jpg,4
1059.jpg,5
10590.jpg,3
10591.jpg,2
10592.jpg,0
10593.jpg,2
10594.jpg,3
10595.jpg,0
10596.jpg,6
10597.jpg,3
10598.jpg,6
10599.jpg,3
106.jpg,2
1060.jpg,6
10600.jpg,6
10601.jpg,3
10602.jpg,5
10603.jpg,0
10604.jpg,0
10605.jpg,2
10606.jpg,1
10607.jpg,4
10608.jpg,3
10609.jpg,3
1061.jpg,0
10610.jpg,3
10611.jpg,2
10612.jpg,6
10613.jpg,4
10614.jpg,2
10615.jpg,3
10616.jpg,0
10617.jpg,3
10618.jpg,4
10619.jpg,0
1062.jpg,6
10620.jpg,4
10621.jpg,3
10622.jpg,3
10623.jpg,0
10624.jpg,6
10625.jpg,5
10626.jpg,0
10627.jpg,5
10628.jpg,5
10629.jpg,3
1063.jpg,2
10630.jpg,6
10631.jpg,4
10632.jpg,4
10633.jpg,2
10634.jpg,6
10635.jpg,3
10636.jpg,6
10637.jpg,4
10638.jpg,3
10639.jpg,3
1064.jpg,2
10640.jpg,3
10641.jpg,3
10642.jpg,4
10643.jpg,5
10644.jpg,3
10645.jpg,4
10646.jpg,1
10647.jpg,3
10648.jpg,4
10649.jpg,2
1065.jpg,3
10650.jpg,4
10651.jpg,0
10652.jpg,3
10653.jpg,6
10654.jpg,6
10655.jpg,4
10656.jpg,0
10657.jpg,4
10658.jpg,4
10659.jpg,4
1066.jpg,0
10660.jpg,3
10661.jpg,0
10662.jpg,2
10663.jpg,4
10664.jpg,6
10665.jpg,4
10666.jpg,0
10667.jpg,2
10668.jpg,5
10669.jpg,4
1067.jpg,4
10670.jpg,4
10671.jpg,4
10672.jpg,5
10673.jpg,2
10674.jpg,6
10675.jpg,4
10676.jpg,6
10677.jpg,2
10678.jpg,3
10679.jpg,4
1068.jpg,6
10680.jpg,3
10681.jpg,3
10682.jpg,0
10683.jpg,3
10684.jpg,6
10685.jpg,3
10686.jpg,4
10687.jpg,2
10688.jpg,4
10689.jpg,6
1069.jpg,4
10690.jpg,3
10691.jpg,3
10692.jpg,0
10693.jpg,6
10694.jpg,4
10695.jpg,2
10696.jpg,6
10697.jpg,3
10698.jpg,2
10699.jpg,0
107.jpg,0
1070.jpg,5
10700.jpg,5
10701.jpg,5
10702.jpg,0
10703.jpg,3
10704.jpg,6
10705.jpg,1
10706.jpg,6
10707.jpg,3
10708.jpg,3
10709.jpg,6
1071.jpg,0
10710.jpg,5
10711.jpg,4
10712.jpg,6
10713.jpg,4
10714.jpg,0
10715.jpg,6
10716.jpg,0
10717.jpg,6
10718.jpg,2
10719.jpg,6
1072.jpg,3
10720.jpg,4
10721.jpg,6
10722.jpg,3
10723.jpg,5
10724.jpg,3
10725.jpg,6
10726.jpg,0
10727.jpg,3
10728.jpg,3
10729.jpg,0
1073.jpg,1
10730.jpg,3
10731.jpg,1
10732.jpg,1
10733.jpg,3
10734.jpg,5
10735.jpg,3
10736.jpg,2
10737.jpg,4
10738.jpg,6
10739.jpg,3
1074.jpg,3
10740.jpg,2
10741.jpg,6
10742.jpg,6
10743.jpg,0
10744.jpg,5
10745.jpg,6
10746.jpg,0
10747.jpg,2
10748.jpg,6
10749.jpg,2
1075.jpg,2
10750.jpg,6
10751.jpg,5
10752.jpg,3
10753.jpg,4
10754.jpg,4
10755.jpg,5
10756.jpg,2
10757.jpg,4
10758.jpg,2
10759.jpg,3
1076.jpg,3
10760.jpg,5
10761.jpg,2
10762.jpg,5
10763.jpg,3
10764.jpg,3
10765.jpg,4
10766.jpg,3
10767.jpg,4
10768.jpg,5
10769.jpg,4
1077.jpg,3
10770.jpg,3
10771.jpg,0
10772.jpg,3
10773.jpg,3
10774.jpg,6
10775.jpg,6
10776.jpg,6
10777.jpg,6
10778.jpg,6
10779.jpg,5
1078.jpg,4
10780.jpg,4
10781.jpg,6
10782.jpg,3
10783.jpg,3
10784.jpg,3
10785.jpg,0
10786.jpg,0
10787.jpg,6
10788.jpg,5
10789.jpg,3
1079.jpg,2
10790.jpg,0
10791.jpg,3
10792.jpg,3
10793.jpg,4
10794.jpg,4
10795.jpg,4
10796.jpg,3
10797.jpg,2
10798.jpg,4
10799.jpg,2
108.jpg,2
1080.jpg,6
10800.jpg,5
10801.jpg,6
10802.jpg,2
10803.jpg,4
10804.jpg,6
10805.jpg,0
10806.jpg,4
10807.jpg,3
10808.jpg,4
10809.jpg,3
1081.jpg,3
10810.jpg,2
10811.jpg,3
10812.jpg,0
10813.jpg,5
10814.jpg,0
10815.jpg,6
10816.jpg,6
10817.jpg,4
10818.jpg,0
10819.jpg,0
1082.jpg,3
10820.jpg,5
10821.jpg,0
10822.jpg,2
10823.jpg,0
10824.jpg,2
10825.jpg,0
10826.jpg,3
10827.jpg,6
10828.jpg,4
10829.jpg,4
1083.jpg,3
10830.jpg,6
10831.jpg,0
10832.jpg,2
10833.jpg,2
10834.jpg,6
10835.jpg,2
10836.jpg,6
10837.jpg,5
10838.jpg,3
10839.jpg,0
1084.jpg,5
10840.jpg,4
10841.jpg,3
10842.jpg,4
10843.jpg,6
10844.jpg,4
10845.jpg,2
10846.jpg,6
10847.jpg,5
10848.jpg,4
10849.jpg,5
1085.jpg,3
10850.jpg,3
10851.jpg,0
10852.jpg,3
10853.jpg,5
10854.jpg,0
10855.jpg,5
10856.jpg,3
10857.jpg,2
10858.jpg,4
10859.jpg,4
1086.jpg,2
10860.jpg,4
10861.jpg,6
10862.jpg,6
10863.jpg,6
10864.jpg,3
10865.jpg,4
10866.jpg,5
10867.jpg,2
10868.jpg,2
10869.jpg,2
1087.jpg,5
10870.jpg,3
10871.jpg,4
10872.jpg,3
10873.jpg,5
10874.jpg,0
10875.jpg,2
10876.jpg,3
10877.jpg,3
10878.jpg,4
10879.jpg,3
1088.jpg,3
10880.jpg,3
10881.jpg,4
10882.jpg,2
10883.jpg,5
10884.jpg,2
10885.jpg,3
10886.jpg,5
10887.jpg,6
10888.jpg,4
10889.jpg,0
1089.jpg,2
10890.jpg,0
10891.jpg,3
10892.jpg,4
10893.jpg,6
10894.jpg,0
10895.jpg,3
10896.jpg,2
10897.jpg,6
10898.jpg,6
10899.jpg,6
109.jpg,3
1090.jpg,0
10900.jpg,0
10901.jpg,4
10902.jpg,6
10903.jpg,3
10904.jpg,0
10905.jpg,6
10906.jpg,6
10907.jpg,0
10908.jpg,0
10909.jpg,5
1091.jpg,4
10910.jpg,4
10911.jpg,3
10912.jpg,6
10913.jpg,0
10914.jpg,3
10915.jpg,0
10916.jpg,6
10917.jpg,3
10918.jpg,0
10919.jpg,4
1092.jpg,2
10920.jpg,3
10921.jpg,3
10922.jpg,4
10923.jpg,6
10924.jpg,4
10925.jpg,0
10926.jpg,6
10927.jpg,3
10928.jpg,0
10929.jpg,3
1093.jpg,6
10930.jpg,3
10931.jpg,5
10932.jpg,5
10933.jpg,2
10934.jpg,2
10935.jpg,3
10936.jpg,6
10937.jpg,6
10938.jpg,2
10939.jpg,0
1094.jpg,6
10940.jpg,4
10941.jpg,2
10942.jpg,0
10943.jpg,6
10944.jpg,2
10945.jpg,4
10946.jpg,6
10947.jpg,0
10948.jpg,6
10949.jpg,4
1095.jpg,3
10950.jpg,5
10951.jpg,2
10952.jpg,4
10953.jpg,6
10954.jpg,2
10955.jpg,5
10956.jpg,3
10957.jpg,5
10958.jpg,5
10959.jpg,0
1096.jpg,1
10960.jpg,3
10961.jpg,0
10962.jpg,4
10963.jpg,5
10964.jpg,5
10965.jpg,0
10966.jpg,5
10967.jpg,5
10968.jpg,2
10969.jpg,6
1097.jpg,3
10970.jpg,0
10971.jpg,6
10972.jpg,3
10973.jpg,0
10974.jpg,3
10975.jpg,2
10976.jpg,2
10977.jpg,5
10978.jpg,2
10979.jpg,2
1098.jpg,0
10980.jpg,4
10981.jpg,2
10982.jpg,2
10983.jpg,4
10984.jpg,0
10985.jpg,4
10986.jpg,4
10987.jpg,2
10988.jpg,0
10989.jpg,0
1099.jpg,3
10990.jpg,3
10991.jpg,5
10992.jpg,3
10993.jpg,2
10994.jpg,0
10995.jpg,4
10996.jpg,3
10997.jpg,3
10998.jpg,6
10999.jpg,4
11.jpg,6
110.jpg,2
1100.jpg,2
11000.jpg,5
11001.jpg,2
11002.jpg,0
11003.jpg,6
11004.jpg,0
11005.jpg,2
11006.jpg,3
11007.jpg,3
11008.jpg,0
11009.jpg,2
1101.jpg,6
11010.jpg,4
11011.jpg,0
11012.jpg,4
11013.jpg,6
11014.jpg,0
11015.jpg,6
11016.jpg,5
11017.jpg,0
11018.jpg,0
11019.jpg,3
1102.jpg,0
11020.jpg,6
11021.jpg,4
11022.jpg,6
11023.jpg,6
11024.jpg,0
11025.jpg,4
11026.jpg,4
11027.jpg,5
11028.jpg,0
11029.jpg,6
1103.jpg,3
11030.jpg,2
11031.jpg,4
11032.jpg,6
11033.jpg,3
11034.jpg,6
11035.jpg,3
11036.jpg,2
11037.jpg,6
11038.jpg,6
11039.jpg,2
1104.jpg,2
11040.jpg,4
11041.jpg,3
11042.jpg,0
11043.jpg,5
11044.jpg,2
11045.jpg,6
11046.jpg,3
11047.jpg,5
11048.jpg,4
11049.jpg,4
1105.jpg,0
11050.jpg,4
11051.jpg,6
11052.jpg,2
11053.jpg,0
11054.jpg,2
11055.jpg,6
11056.jpg,3
11057.jpg,2
11058.jpg,3
11059.jpg,3
1106.jpg,0
11060.jpg,0
11061.jpg,5
11062.jpg,4
11063.jpg,4
11064.jpg,6
11065.jpg,6
11066.jpg,3
11067.jpg,3
11068.jpg,4
11069.jpg,4
1107.jpg,5
11070.jpg,6
11071.jpg,4
11072.jpg,4
11073.jpg,4
11074.jpg,4
11075.jpg,0
11076.jpg,3
11077.jpg,3
11078.jpg,3
11079.jpg,3
1108.jpg,0
11080.jpg,3
11081.jpg,3
11082.jpg,6
11083.jpg,0
11084.jpg,2
11085.jpg,4
11086.jpg,6
11087.jpg,6
11088.jpg,4
11089.jpg,5
1109.jpg,5
11090.jpg,6
11091.jpg,3
11092.jpg,3
11093.jpg,0
11094.jpg,5
11095.jpg,2
11096.jpg,0
11097.jpg,6
11098.jpg,6
11099.jpg,2
111.jpg,3
1110.jpg,6
11100.jpg,4
11101.jpg,4
11102.jpg,0
11103.jpg,4
11104.jpg,2
11105.jpg,2
11106.jpg,6
11107.jpg,5
11108.jpg,6
11109.jpg,0
1111.jpg,3
11110.jpg,4
11111.jpg,5
11112.jpg,2
11113.jpg,0
11114.jpg,3
11115.jpg,6
11116.jpg,4
11117.jpg,0
11118.jpg,0
11119.jpg,5
1112.jpg,4
11120.jpg,3
11121.jpg,3
11122.jpg,3
11123.jpg,6
11124.jpg,6
11125.jpg,5
11126.jpg,5
11127.jpg,3
11128.jpg,4
11129.jpg,3
1113.jpg,3
11130.jpg,6
11131.jpg,4
11132.jpg,5
11133.jpg,3
11134.jpg,3
11135.jpg,6
11136.jpg,4
11137.jpg,2
11138.jpg,4
11139.jpg,5
1114.jpg,6
11140.jpg,4
11141.jpg,6
11142.jpg,3
11143.jpg,2
11144.jpg,3
11145.jpg,4
11146.jpg,2
11147.jpg,4
11148.jpg,6
11149.jpg,4
1115.jpg,1
11150.jpg,3
11151.jpg,0
11152.jpg,4
11153.jpg,0
11154.jpg,4
11155.jpg,2
11156.jpg,4
11157.jpg,6
11158.jpg,0
11159.jpg,4
1116.jpg,2
11160.jpg,6
11161.jpg,6
11162.jpg,3
11163.jpg,4
11164.jpg,3
11165.jpg,2
11166.jpg,3
11167.jpg,2
11168.jpg,6
11169.jpg,0
1117.jpg,3
11170.jpg,6
11171.jpg,6
11172.jpg,3
11173.jpg,2
11174.jpg,0
11175.jpg,4
11176.jpg,6
11177.jpg,3
11178.jpg,4
11179.jpg,5
1118.jpg,5
11180.jpg,6
11181.jpg,0
11182.jpg,4
11183.jpg,4
11184.jpg,5
11185.jpg,2
11186.jpg,0
11187.jpg,4
11188.jpg,0
11189.jpg,6
1119.jpg,6
11190.jpg,0
11191.jpg,3
11192.jpg,4
11193.jpg,3
11194.jpg,6
11195.jpg,2
11196.jpg,6
11197.jpg,4
11198.jpg,4
11199.jpg,5
112.jpg,6
1120.jpg,5
11200.jpg,0
11201.jpg,5
11202.jpg,1
11203.jpg,6
11204.jpg,3
11205.jpg,0
11206.jpg,0
11207.jpg,3
11208.jpg,3
11209.jpg,4
1121.jpg,3
11210.jpg,3
11211.jpg,6
11212.jpg,3
11213.jpg,6
11214.jpg,2
11215.jpg,0
11216.jpg,6
11217.jpg,4
11218.jpg,6
11219.jpg,6
1122.jpg,0
11220.jpg,5
11221.jpg,3
11222.jpg,1
11223.jpg,1
11224.jpg,6
11225.jpg,3
11226.jpg,2
11227.jpg,3
11228.jpg,2
11229.jpg,2
1123.jpg,0
11230.jpg,3
11231.jpg,2
11232.jpg,3
11233.jpg,6
11234.jpg,4
11235.jpg,0
11236.jpg,3
11237.jpg,3
11238.jpg,4
11239.jpg,4
1124.jpg,0
11240.jpg,4
11241.jpg,4
11242.jpg,3
11243.jpg,2
11244.jpg,3
11245.jpg,3
11246.jpg,6
11247.jpg,5
11248.jpg,6
11249.jpg,6
1125.jpg,4
11250.jpg,1
11251.jpg,6
11252.jpg,6
11253.jpg,3
11254.jpg,3
11255.jpg,2
11256.jpg,4
11257.jpg,5
11258.jpg,0
11259.jpg,4
1126.jpg,6
11260.jpg,3
11261.jpg,5
11262.jpg,2
11263.jpg,6
11264.jpg,4
11265.jpg,2
11266.jpg,0
11267.jpg,0
11268.jpg,0
11269.jpg,6
1127.jpg,0
11270.jpg,3
11271.jpg,5
11272.jpg,3
11273.jpg,4
11274.jpg,0
11275.jpg,6
11276.jpg,4
11277.jpg,6
11278.jpg,6
11279.jpg,5
1128.jpg,2
11280.jpg,4
11281.jpg,6
11282.jpg,3
11283.jpg,6
11284.jpg,4
11285.jpg,3
11286.jpg,0
11287.jpg,3
11288.jpg,6
11289.jpg,0
1129.jpg,4
11290.jpg,4
11291.jpg,4
11292.jpg,4
11293.jpg,4
11294.jpg,2
11295.jpg,4
11296.jpg,2
11297.jpg,5
11298.jpg,4
11299.jpg,3
113.jpg,6
1130.jpg,3
11300.jpg,3
11301.jpg,0
11302.jpg,5
11303.jpg,4
11304.jpg,6
11305.jpg,2
11306.jpg,4
11307.jpg,6
11308.jpg,6
11309.jpg,6
1131.jpg,3
11310.jpg,2
11311.jpg,5
11312.jpg,3
11313.jpg,4
11314.jpg,6
11315.jpg,0
11316.jpg,4
11317.jpg,6
11318.jpg,4
11319.jpg,2
1132.jpg,5
11320.jpg,6
11321.jpg,6
11322.jpg,4
11323.jpg,4
11324.jpg,5
11325.jpg,0
11326.jpg,4
11327.jpg,6
11328.jpg,5
11329.jpg,2
1133.jpg,2
11330.jpg,4
11331.jpg,4
11332.jpg,3
11333.jpg,3
11334.jpg,3
11335.jpg,3
11336.jpg,3
11337.jpg,0
11338.jpg,2
11339.jpg,5
1134.jpg,4
11340.jpg,4
11341.jpg,2
11342.jpg,0
11343.jpg,3
11344.jpg,5
11345.jpg,3
11346.jpg,4
11347.jpg,4
11348.jpg,4
11349.jpg,3
1135.jpg,5
11350.jpg,3
11351.jpg,3
11352.jpg,4
11353.jpg,2
11354.jpg,6
11355.jpg,4
11356.jpg,3
11357.jpg,4
11358.jpg,6
11359.jpg,4
1136.jpg,6
11360.jpg,2
11361.jpg,4
11362.jpg,2
11363.jpg,4
11364.jpg,5
11365.jpg,4
11366.jpg,5
11367.jpg,4
11368.jpg,6
11369.jpg,4
1137.jpg,2
11370.jpg,2
11371.jpg,2
11372.jpg,5
11373.jpg,1
11374.jpg,5
11375.jpg,3
11376.jpg,6
11377.jpg,0
11378.jpg,6
11379.jpg,0
1138.jpg,4
11380.jpg,4
11381.jpg,2
11382.jpg,3
11383.jpg,1
11384.jpg,3
11385.jpg,0
11386.jpg,0
11387.jpg,6
11388.jpg,4
11389.jpg,0
1139.jpg,4
11390.jpg,6
11391.jpg,4
11392.jpg,3
11393.jpg,5
11394.jpg,2
11395.jpg,6
11396.jpg,2
11397.jpg,6
11398.jpg,4
11399.jpg,4
114.jpg,3
1140.jpg,3
11400.jpg,0
11401.jpg,4
11402.jpg,4
11403.jpg,0
11404.jpg,5
11405.jpg,2
11406.jpg,6
11407.jpg,5
11408.jpg,3
11409.jpg,3
1141.jpg,3
11410.jpg,0
11411.jpg,0
11412.jpg,2
11413.jpg,2
11414.jpg,5
11415.jpg,4
11416.jpg,2
11417.jpg,3
11418.jpg,5
11419.jpg,4
1142.jpg,6
11420.jpg,0
11421.jpg,0
11422.jpg,3
11423.jpg,2
11424.jpg,3
11425.jpg,4
11426.jpg,0
11427.jpg,6
11428.jpg,3
11429.jpg,5
1143.jpg,2
11430.jpg,3
11431.jpg,2
11432.jpg,0
11433.jpg,5
11434.jpg,6
11435.jpg,4
11436.jpg,3
11437.jpg,6
11438.jpg,6
11439.jpg,3
1144.jpg,4
11440.jpg,6
11441.jpg,6
11442.jpg,2
11443.jpg,5
11444.jpg,3
11445.jpg,4
11446.jpg,2
11447.jpg,3
11448.jpg,6
11449.jpg,0
1145.jpg,5
11450.jpg,6
11451.jpg,5
11452.jpg,6
11453.jpg,6
11454.jpg,4
11455.jpg,6
11456.jpg,6
11457.jpg,2
11458.jpg,0
11459.jpg,5
1146.jpg,3
11460.jpg,0
11461.jpg,2
11462.jpg,6
11463.jpg,6
11464.jpg,0
11465.jpg,2
11466.jpg,5
11467.jpg,0
11468.jpg,2
11469.jpg,6
1147.jpg,0
11470.jpg,3
11471.jpg,2
11472.jpg,2
11473.jpg,3
11474.jpg,0
11475.jpg,0
11476.jpg,3
11477.jpg,3
11478.jpg,3
11479.jpg,6
1148.jpg,4
11480.jpg,0
11481.jpg,4
11482.jpg,4
11483.jpg,6
11484.jpg,6
11485.jpg,6
11486.jpg,3
11487.jpg,3
11488.jpg,2
11489.jpg,3
1149.jpg,3
11490.jpg,6
11491.jpg,6
11492.jpg,3
11493.jpg,3
11494.jpg,3
11495.jpg,3
11496.jpg,5
11497.jpg,5
11498.jpg,6
11499.jpg,6
115.jpg,4
1150.jpg,0
11500.jpg,3
11501.jpg,3
11502.jpg,4
11503.jpg,2
11504.jpg,3
11505.jpg,6
11506.jpg,5
11507.jpg,3
11508.jpg,3
11509.jpg,4
1151.jpg,3
11510.jpg,4
11511.jpg,6
11512.jpg,5
11513.jpg,6
11514.jpg,6
11515.jpg,3
11516.jpg,3
11517.jpg,2
11518.jpg,6
11519.jpg,5
1152.jpg,3
11520.jpg,4
11521.jpg,2
11522.jpg,3
11523.jpg,4
11524.jpg,2
11525.jpg,6
11526.jpg,3
11527.jpg,5
11528.jpg,4
11529.jpg,1
1153.jpg,4
11530.jpg,3
11531.jpg,6
11532.jpg,6
11533.jpg,3
11534.jpg,0
11535.jpg,2
11536.jpg,2
11537.jpg,0
11538.jpg,3
11539.jpg,3
1154.jpg,2
11540.jpg,6
11541.jpg,6
11542.jpg,6
11543.jpg,3
11544.jpg,3
11545.jpg,0
11546.jpg,4
11547.jpg,2
11548.jpg,0
11549.jpg,3
1155.jpg,3
11550.jpg,0
11551.jpg,2
11552.jpg,3
11553.jpg,3
11554.jpg,3
11555.jpg,3
11556.jpg,5
11557.jpg,0
11558.jpg,3
11559.jpg,2
1156.jpg,4
11560.jpg,6
11561.jpg,0
11562.jpg,3
11563.jpg,6
11564.jpg,4
11565.jpg,3
11566.jpg,3
11567.jpg,3
11568.jpg,2
11569.jpg,5
1157.jpg,5
11570.jpg,4
11571.jpg,0
11572.jpg,0
11573.jpg,3
11574.jpg,5
11575.jpg,3
11576.jpg,5
11577.jpg,0
11578.jpg,2
11579.jpg,6
1158.jpg,0
11580.jpg,6
11581.jpg,4
11582.jpg,4
11583.jpg,3
11584.jpg,2
11585.jpg,3
11586.jpg,6
11587.jpg,2
11588.jpg,3
11589.jpg,5
1159.jpg,3
11590.jpg,2
11591.jpg,4
11592.jpg,4
11593.jpg,5
11594.jpg,3
11595.jpg,4
11596.jpg,3
11597.jpg,3
11598.jpg,6
11599.jpg,2
116.jpg,4
1160.jpg,0
11600.jpg,6
11601.jpg,4
11602.jpg,2
11603.jpg,6
11604.jpg,3
11605.jpg,5
11606.jpg,0
11607.jpg,0
11608.jpg,4
11609.jpg,6
1161.jpg,6
11610.jpg,0
11611.jpg,4
11612.jpg,2
11613.jpg,0
11614.jpg,3
11615.jpg,5
11616.jpg,3
11617.jpg,0
11618.jpg,6
11619.jpg,6
1162.jpg,5
11620.jpg,3
11621.jpg,3
11622.jpg,1
11623.jpg,0
11624.jpg,6
11625.jpg,4
11626.jpg,4
11627.jpg,6
11628.jpg,2
11629.jpg,6
1163.jpg,2
11630.jpg,2
11631.jpg,5
11632.jpg,0
11633.jpg,5
11634.jpg,6
11635.jpg,3
11636.jpg,2
11637.jpg,3
11638.jpg,6
11639.jpg,1
1164.jpg,3
11640.jpg,4
11641.jpg,0
11642.jpg,0
11643.jpg,3
11644.jpg,0
11645.jpg,0
11646.jpg,3
11647.jpg,0
11648.jpg,3
11649.jpg,3
1165.jpg,3
11650.jpg,3
11651.jpg,2
11652.jpg,4
11653.jpg,2
11654.jpg,6
11655.jpg,6
11656.jpg,1
11657.jpg,4
11658.jpg,3
11659.jpg,6
1166.jpg,0
11660.jpg,6
11661.jpg,2
11662.jpg,4
11663.jpg,6
11664.jpg,4
11665.jpg,6
11666.jpg,3
11667.jpg,5
11668.jpg,5
11669.jpg,0
1167.jpg,3
11670.jpg,5
11671.jpg,4
11672.jpg,4
11673.jpg,4
11674.jpg,2
11675.jpg,0
11676.jpg,6
11677.jpg,2
11678.jpg,2
11679.jpg,4
1168.jpg,0
11680.jpg,6
11681.jpg,3
11682.jpg,2
11683.jpg,3
11684.jpg,5
11685.jpg,3
11686.jpg,6
11687.jpg,2
11688.jpg,0
11689.jpg,6
1169.jpg,2
11690.jpg,6
11691.jpg,3
11692.jpg,5
11693.jpg,4
11694.jpg,0
11695.jpg,3
11696.jpg,3
11697.jpg,3
11698.jpg,6
11699.jpg,4
117.jpg,0
1170.jpg,0
11700.jpg,4
11701.jpg,3
11702.jpg,3
11703.jpg,4
11704.jpg,2
11705.jpg,6
11706.jpg,2
11707.jpg,0
11708.jpg,0
11709.jpg,5
1171.jpg,2
11710.jpg,4
11711.jpg,6
11712.jpg,6
11713.jpg,6
11714.jpg,0
11715.jpg,3
11716.jpg,2
11717.jpg,3
11718.jpg,2
11719.jpg,4
1172.jpg,5
11720.jpg,3
11721.jpg,5
11722.jpg,4
11723.jpg,6
11724.jpg,6
11725.jpg,6
11726.jpg,3
11727.jpg,2
11728.jpg,2
11729.jpg,2
1173.jpg,4
11730.jpg,5
11731.jpg,1
11732.jpg,0
11733.jpg,3
11734.jpg,5
11735.jpg,0
11736.jpg,2
11737.jpg,5
11738.jpg,6
11739.jpg,4
1174.jpg,3
11740.jpg,5
11741.jpg,5
11742.jpg,3
11743.jpg,3
11744.jpg,0
11745.jpg,1
11746.jpg,4
11747.jpg,2
11748.jpg,2
11749.jpg,3
1175.jpg,4
11750.jpg,3
11751.jpg,3
11752.jpg,4
11753.jpg,4
11754.jpg,2
11755.jpg,0
11756.jpg,0
11757.jpg,5
11758.jpg,2
11759.jpg,0
1176.jpg,5
11760.jpg,6
11761.jpg,3
11762.jpg,2
11763.jpg,3
11764.jpg,0
11765.jpg,2
11766.jpg,3
11767.jpg,2
11768.jpg,3
11769.jpg,0
1177.jpg,0
11770.jpg,2
11771.jpg,6
11772.jpg,3
11773.jpg,2
11774.jpg,2
11775.jpg,3
11776.jpg,3
11777.jpg,4
11778.jpg,4
11779.jpg,6
1178.jpg,0
11780.jpg,6
11781.jpg,0
11782.jpg,2
11783.jpg,6
11784.jpg,6
11785.jpg,3
11786.jpg,5
11787.jpg,4
11788.jpg,6
11789.jpg,6
1179.jpg,6
11790.jpg,4
11791.jpg,3
11792.jpg,4
11793.jpg,3
11794.jpg,4
11795.jpg,3
11796.jpg,6
11797.jpg,3
